1,2018-02-28T00:00:01+00:00,2054
2,2018-02-28T00:07:13+00:00,15074
3,2018-02-28T00:14:25+00:00,17360
4,2018-02-28T00:21:37+00:00,11855
5,2018-02-28T00:28:49+00:00,9311
6,2018-02-28T00:36:01+00:00,6021
7,2018-02-28T00:43:13+00:00,5261
8,2018-02-28T00:50:25+00:00,3573
9,2018-02-28T00:57:37+00:00,16317
10,2018-02-28T01:04:49+00:00,13946
11,2018-02-28T01:12:01+00:00,12076
12,2018-02-28T01:19:13+00:00,5533
13,2018-02-28T01:26:25+00:00,3918
14,2018-02-28T01:33:37+00:00,19606
15,2018-02-28T01:40:49+00:00,7880
16,2018-02-28T01:48:01+00:00,7656
17,2018-02-28T01:55:13+00:00,6412
18,2018-02-28T02:02:25+00:00,2052
19,2018-02-28T02:09:37+00:00,10134
20,2018-02-28T02:16:49+00:00,12981
21,2018-02-28T02:24:01+00:00,6002
22,2018-02-28T02:31:13+00:00,5298
23,2018-02-28T02:38:25+00:00,5461
24,2018-02-28T02:45:37+00:00,17024
25,2018-02-28T02:52:49+00:00,1076
26,2018-02-28T03:00:01+00:00,11382
27,2018-02-28T03:07:13+00:00,1532
28,2018-02-28T03:14:25+00:00,140
29,2018-02-28T03:21:37+00:00,17013
30,2018-02-28T03:28:49+00:00,4398
31,2018-02-28T03:36:01+00:00,15838
32,2018-02-28T03:43:13+00:00,12377
33,2018-02-28T03:50:25+00:00,13373
34,2018-02-28T03:57:37+00:00,12459
35,2018-02-28T04:04:49+00:00,9924
36,2018-02-28T04:12:01+00:00,2804
37,2018-02-28T04:19:13+00:00,7144
38,2018-02-28T04:26:25+00:00,10699
39,2018-02-28T04:33:37+00:00,16744
40,2018-02-28T04:40:49+00:00,12759
41,2018-02-28T04:48:01+00:00,16701
42,2018-02-28T04:55:13+00:00,10
43,2018-02-28T05:02:25+00:00,10996
44,2018-02-28T05:09:37+00:00,13950
45,2018-02-28T05:16:49+00:00,17303
46,2018-02-28T05:24:01+00:00,16662
47,2018-02-28T05:31:13+00:00,6740
48,2018-02-28T05:38:25+00:00,12284
49,2018-02-28T05:45:37+00:00,11329
50,2018-02-28T05:52:49+00:00,16287
51,2018-02-28T06:00:01+00:00,12530
52,2018-02-28T06:07:13+00:00,18490
53,2018-02-28T06:14:25+00:00,12034
54,2018-02-28T06:21:37+00:00,17511
55,2018-02-28T06:28:49+00:00,18198
56,2018-02-28T06:36:01+00:00,657
57,2018-02-28T06:43:13+00:00,15939
58,2018-02-28T06:50:25+00:00,7766
59,2018-02-28T06:57:37+00:00,15266
60,2018-02-28T07:04:49+00:00,11737
61,2018-02-28T07:12:01+00:00,17802
62,2018-02-28T07:19:13+00:00,4067
63,2018-02-28T07:26:25+00:00,17504
64,2018-02-28T07:33:37+00:00,7995
65,2018-02-28T07:40:49+00:00,17029
66,2018-02-28T07:48:01+00:00,9223
67,2018-02-28T07:55:13+00:00,11390
68,2018-02-28T08:02:25+00:00,12551
69,2018-02-28T08:09:37+00:00,15396
70,2018-02-28T08:16:49+00:00,19807
71,2018-02-28T08:24:01+00:00,10343
72,2018-02-28T08:31:13+00:00,18618
73,2018-02-28T08:38:25+00:00,19458
74,2018-02-28T08:45:37+00:00,4379
75,2018-02-28T08:52:49+00:00,5953
76,2018-02-28T09:00:01+00:00,11331
77,2018-02-28T09:07:13+00:00,16820
78,2018-02-28T09:14:25+00:00,2312
79,2018-02-28T09:21:37+00:00,5463
80,2018-02-28T09:28:49+00:00,4822
81,2018-02-28T09:36:01+00:00,9257
82,2018-02-28T09:43:13+00:00,19978
83,2018-02-28T09:50:25+00:00,7611
84,2018-02-28T09:57:37+00:00,4108
85,2018-02-28T10:04:49+00:00,10749
86,2018-02-28T10:12:01+00:00,14532
87,2018-02-28T10:19:13+00:00,12547
88,2018-02-28T10:26:25+00:00,3235
89,2018-02-28T10:33:37+00:00,6013
90,2018-02-28T10:40:49+00:00,6362
91,2018-02-28T10:48:01+00:00,5969
92,2018-02-28T10:55:13+00:00,8663
93,2018-02-28T11:02:25+00:00,1767
94,2018-02-28T11:09:37+00:00,750
95,2018-02-28T11:16:49+00:00,6476
96,2018-02-28T11:24:01+00:00,17160
97,2018-02-28T11:31:13+00:00,675
98,2018-02-28T11:38:25+00:00,12571
99,2018-02-28T11:45:37+00:00,12315
100,2018-02-28T11:52:49+00:00,14666
101,2018-02-28T12:00:01+00:00,6963
102,2018-02-28T12:07:13+00:00,2557
103,2018-02-28T12:14:25+00:00,16975
104,2018-02-28T12:21:37+00:00,14105
105,2018-02-28T12:28:49+00:00,1959
106,2018-02-28T12:36:01+00:00,1319
107,2018-02-28T12:43:13+00:00,2111
108,2018-02-28T12:50:25+00:00,1203
109,2018-02-28T12:57:37+00:00,1807
110,2018-02-28T13:04:49+00:00,4434
111,2018-02-28T13:12:01+00:00,2101
112,2018-02-28T13:19:13+00:00,19115
113,2018-02-28T13:26:25+00:00,7888
114,2018-02-28T13:33:37+00:00,7213
115,2018-02-28T13:40:49+00:00,18138
116,2018-02-28T13:48:01+00:00,8203
117,2018-02-28T13:55:13+00:00,563
118,2018-02-28T14:02:25+00:00,7798
119,2018-02-28T14:09:37+00:00,17883
120,2018-02-28T14:16:49+00:00,16091
121,2018-02-28T14:24:01+00:00,4073
122,2018-02-28T14:31:13+00:00,17690
123,2018-02-28T14:38:25+00:00,14447
124,2018-02-28T14:45:37+00:00,14263
125,2018-02-28T14:52:49+00:00,3772
126,2018-02-28T15:00:01+00:00,6132
127,2018-02-28T15:07:13+00:00,2212
128,2018-02-28T15:14:25+00:00,9556
129,2018-02-28T15:21:37+00:00,3354
130,2018-02-28T15:28:49+00:00,13316
131,2018-02-28T15:36:01+00:00,2539
132,2018-02-28T15:43:13+00:00,6551
133,2018-02-28T15:50:25+00:00,14377
134,2018-02-28T15:57:37+00:00,9232
135,2018-02-28T16:04:49+00:00,12167
136,2018-02-28T16:12:01+00:00,10702
137,2018-02-28T16:19:13+00:00,8059
138,2018-02-28T16:26:25+00:00,454
139,2018-02-28T16:33:37+00:00,13539
140,2018-02-28T16:40:49+00:00,6335
141,2018-02-28T16:48:01+00:00,17453
142,2018-02-28T16:55:13+00:00,1894
143,2018-02-28T17:02:25+00:00,11073
144,2018-02-28T17:09:37+00:00,11706
145,2018-02-28T17:16:49+00:00,15535
146,2018-02-28T17:24:01+00:00,15033
147,2018-02-28T17:31:13+00:00,3351
148,2018-02-28T17:38:25+00:00,19424
149,2018-02-28T17:45:37+00:00,5964
150,2018-02-28T17:52:49+00:00,13306
151,2018-02-28T18:00:01+00:00,15961
152,2018-02-28T18:07:13+00:00,14904
153,2018-02-28T18:14:25+00:00,2305
154,2018-02-28T18:21:37+00:00,6262
155,2018-02-28T18:28:49+00:00,5370
156,2018-02-28T18:36:01+00:00,8616
157,2018-02-28T18:43:13+00:00,5940
158,2018-02-28T18:50:25+00:00,11028
159,2018-02-28T18:57:37+00:00,16703
160,2018-02-28T19:04:49+00:00,12716
161,2018-02-28T19:12:01+00:00,16035
162,2018-02-28T19:19:13+00:00,10536
163,2018-02-28T19:26:25+00:00,16475
164,2018-02-28T19:33:37+00:00,11006
165,2018-02-28T19:40:49+00:00,89
166,2018-02-28T19:48:01+00:00,19936
167,2018-02-28T19:55:13+00:00,15047
168,2018-02-28T20:02:25+00:00,14511
169,2018-02-28T20:09:37+00:00,3512
170,2018-02-28T20:16:49+00:00,17218
171,2018-02-28T20:24:01+00:00,3747
172,2018-02-28T20:31:13+00:00,10591
173,2018-02-28T20:38:25+00:00,14267
174,2018-02-28T20:45:37+00:00,1599
175,2018-02-28T20:52:49+00:00,12982
176,2018-02-28T21:00:01+00:00,925
177,2018-02-28T21:07:13+00:00,3845
178,2018-02-28T21:14:25+00:00,15683
179,2018-02-28T21:21:37+00:00,7264
180,2018-02-28T21:28:49+00:00,12648
181,2018-02-28T21:36:01+00:00,414
182,2018-02-28T21:43:13+00:00,11443
183,2018-02-28T21:50:25+00:00,6559
184,2018-02-28T21:57:37+00:00,6626
185,2018-02-28T22:04:49+00:00,12401
186,2018-02-28T22:12:01+00:00,6785
187,2018-02-28T22:19:13+00:00,12066
188,2018-02-28T22:26:25+00:00,12901
189,2018-02-28T22:33:37+00:00,22
190,2018-02-28T22:40:49+00:00,2360
191,2018-02-28T22:48:01+00:00,8962
192,2018-02-28T22:55:13+00:00,19777
193,2018-02-28T23:02:25+00:00,16614
194,2018-02-28T23:09:37+00:00,12604
195,2018-02-28T23:16:49+00:00,11083
196,2018-02-28T23:24:01+00:00,7039
197,2018-02-28T23:31:13+00:00,17844
198,2018-02-28T23:38:25+00:00,10946
199,2018-02-28T23:45:37+00:00,18992
200,2018-02-28T23:52:49+00:00,13456
201,2018-03-01T00:00:01+00:00,11227
202,2018-03-01T00:07:13+00:00,10058
203,2018-03-01T00:14:25+00:00,7045
204,2018-03-01T00:21:37+00:00,3457
205,2018-03-01T00:28:49+00:00,754
206,2018-03-01T00:36:01+00:00,15057
207,2018-03-01T00:43:13+00:00,1164
208,2018-03-01T00:50:25+00:00,18215
209,2018-03-01T00:57:37+00:00,13119
210,2018-03-01T01:04:49+00:00,16936
211,2018-03-01T01:12:01+00:00,10554
212,2018-03-01T01:19:13+00:00,13262
213,2018-03-01T01:26:25+00:00,8534
214,2018-03-01T01:33:37+00:00,2272
215,2018-03-01T01:40:49+00:00,10953
216,2018-03-01T01:48:01+00:00,15267
217,2018-03-01T01:55:13+00:00,9558
218,2018-03-01T02:02:25+00:00,9186
219,2018-03-01T02:09:37+00:00,15669
220,2018-03-01T02:16:49+00:00,16080
221,2018-03-01T02:24:01+00:00,10427
222,2018-03-01T02:31:13+00:00,16908
223,2018-03-01T02:38:25+00:00,15710
224,2018-03-01T02:45:37+00:00,14129
225,2018-03-01T02:52:49+00:00,11139
226,2018-03-01T03:00:01+00:00,13478
227,2018-03-01T03:07:13+00:00,19807
228,2018-03-01T03:14:25+00:00,18867
229,2018-03-01T03:21:37+00:00,12746
230,2018-03-01T03:28:49+00:00,4377
231,2018-03-01T03:36:01+00:00,7180
232,2018-03-01T03:43:13+00:00,16685
233,2018-03-01T03:50:25+00:00,2440
234,2018-03-01T03:57:37+00:00,6800
235,2018-03-01T04:04:49+00:00,4385
236,2018-03-01T04:12:01+00:00,17476
237,2018-03-01T04:19:13+00:00,4474
238,2018-03-01T04:26:25+00:00,3146
239,2018-03-01T04:33:37+00:00,18612
240,2018-03-01T04:40:49+00:00,14961
241,2018-03-01T04:48:01+00:00,16290
242,2018-03-01T04:55:13+00:00,8980
243,2018-03-01T05:02:25+00:00,11875
244,2018-03-01T05:09:37+00:00,19177
245,2018-03-01T05:16:49+00:00,5609
246,2018-03-01T05:24:01+00:00,7047
247,2018-03-01T05:31:13+00:00,6132
248,2018-03-01T05:38:25+00:00,19811
249,2018-03-01T05:45:37+00:00,12314
250,2018-03-01T05:52:49+00:00,8964
251,2018-03-01T06:00:01+00:00,19523
252,2018-03-01T06:07:13+00:00,12364
253,2018-03-01T06:14:25+00:00,7862
254,2018-03-01T06:21:37+00:00,18478
255,2018-03-01T06:28:49+00:00,15904
256,2018-03-01T06:36:01+00:00,10946
257,2018-03-01T06:43:13+00:00,6123
258,2018-03-01T06:50:25+00:00,6993
259,2018-03-01T06:57:37+00:00,17905
260,2018-03-01T07:04:49+00:00,12173
261,2018-03-01T07:12:01+00:00,5168
262,2018-03-01T07:19:13+00:00,308
263,2018-03-01T07:26:25+00:00,12790
264,2018-03-01T07:33:37+00:00,9068
265,2018-03-01T07:40:49+00:00,2375
266,2018-03-01T07:48:01+00:00,6811
267,2018-03-01T07:55:13+00:00,19257
268,2018-03-01T08:02:25+00:00,5853
269,2018-03-01T08:09:37+00:00,3707
270,2018-03-01T08:16:49+00:00,5426
271,2018-03-01T08:24:01+00:00,15070
272,2018-03-01T08:31:13+00:00,9812
273,2018-03-01T08:38:25+00:00,10178
274,2018-03-01T08:45:37+00:00,13240
275,2018-03-01T08:52:49+00:00,17914
276,2018-03-01T09:00:01+00:00,11283
277,2018-03-01T09:07:13+00:00,2054
278,2018-03-01T09:14:25+00:00,16294
279,2018-03-01T09:21:37+00:00,2708
280,2018-03-01T09:28:49+00:00,10216
281,2018-03-01T09:36:01+00:00,7101
282,2018-03-01T09:43:13+00:00,355
283,2018-03-01T09:50:25+00:00,11705
284,2018-03-01T09:57:37+00:00,9374
285,2018-03-01T10:04:49+00:00,17488
286,2018-03-01T10:12:01+00:00,13741
287,2018-03-01T10:19:13+00:00,8456
288,2018-03-01T10:26:25+00:00,3931
289,2018-03-01T10:33:37+00:00,6336
290,2018-03-01T10:40:49+00:00,11429
291,2018-03-01T10:48:01+00:00,12264
292,2018-03-01T10:55:13+00:00,2853
293,2018-03-01T11:02:25+00:00,16875
294,2018-03-01T11:09:37+00:00,5409
295,2018-03-01T11:16:49+00:00,12706
296,2018-03-01T11:24:01+00:00,14941
297,2018-03-01T11:31:13+00:00,2465
298,2018-03-01T11:38:25+00:00,4906
299,2018-03-01T11:45:37+00:00,13311
300,2018-03-01T11:52:49+00:00,19885
301,2018-03-01T12:00:01+00:00,8375
302,2018-03-01T12:07:13+00:00,5059
303,2018-03-01T12:14:25+00:00,2685
304,2018-03-01T12:21:37+00:00,2338
305,,14868
306,2018-03-01T12:36:01+00:00,1177
307,2018-03-01T12:43:13+00:00,19925
308,2018-03-01T12:50:25+00:00,4744
309,2018-03-01T12:57:37+00:00,16989
310,2018-03-01T13:04:49+00:00,10564
311,2018-03-01T13:12:01+00:00,10203
312,2018-03-01T13:19:13+00:00,2618
313,2018-03-01T13:26:25+00:00,10645
314,2018-03-01T13:33:37+00:00,3080
315,2018-03-01T13:40:49+00:00,15861
316,2018-03-01T13:48:01+00:00,17594
317,2018-03-01T13:55:13+00:00,
318,2018-03-01T14:02:25+00:00,13691
319,2018-03-01T14:09:37+00:00,2178
320,2018-03-01T14:16:49+00:00,16190
321,2018-03-01T14:24:01+00:00,1931
322,2018-03-01T14:31:13+00:00,11662
323,2018-03-01T14:38:25+00:00,3092
324,2018-03-01T14:45:37+00:00,12954
325,2018-03-01T14:52:49+00:00,203
326,2018-03-01T15:00:01+00:00,15417
327,2018-03-01T15:07:13+00:00,3871
328,2018-03-01T15:14:25+00:00,6451
329,2018-03-01T15:21:37+00:00,15715
330,2018-03-01T15:28:49+00:00,6290
331,2018-03-01T15:36:01+00:00,1768
332,2018-03-01T15:43:13+00:00,8661
333,2018-03-01T15:50:25+00:00,15817
334,2018-03-01T15:57:37+00:00,7691
335,2018-03-01T16:04:49+00:00,11658
336,2018-03-01T16:12:01+00:00,3829
337,2018-03-01T16:19:13+00:00,5199
338,2018-03-01T16:26:25+00:00,1095
339,2018-03-01T16:33:37+00:00,18433
340,2018-03-01T16:40:49+00:00,12113
341,2018-03-01T16:48:01+00:00,13786
342,2018-03-01T16:55:13+00:00,18372
343,2018-03-01T17:02:25+00:00,4941
344,2018-03-01T17:09:37+00:00,5693
345,2018-03-01T17:16:49+00:00,16340
346,2018-03-01T17:24:01+00:00,5284
347,2018-03-01T17:31:13+00:00,4413
348,2018-03-01T17:38:25+00:00,17811
349,2018-03-01T17:45:37+00:00,16673
350,2018-03-01T17:52:49+00:00,10152
351,2018-03-01T18:00:01+00:00,9266
352,2018-03-01T18:07:13+00:00,15063
353,2018-03-01T18:14:25+00:00,14066
354,2018-03-01T18:21:37+00:00,11290
355,2018-03-01T18:28:49+00:00,8143
356,2018-03-01T18:36:01+00:00,19054
357,2018-03-01T18:43:13+00:00,2366
358,2018-03-01T18:50:25+00:00,5241
359,2018-03-01T18:57:37+00:00,19684
360,2018-03-01T19:04:49+00:00,5984
361,2018-03-01T19:12:01+00:00,8611
362,2018-03-01T19:19:13+00:00,1855
363,2018-03-01T19:26:25+00:00,15606
364,2018-03-01T19:33:37+00:00,11816
365,2018-03-01T19:40:49+00:00,17788
366,2018-03-01T19:48:01+00:00,475
367,2018-03-01T19:55:13+00:00,18385
368,2018-03-01T20:02:25+00:00,15262
369,2018-03-01T20:09:37+00:00,19678
370,2018-03-01T20:16:49+00:00,17750
371,2018-03-01T20:24:01+00:00,14467
372,2018-03-01T20:31:13+00:00,352
373,2018-03-01T20:38:25+00:00,5249
374,2018-03-01T20:45:37+00:00,7483
375,2018-03-01T20:52:49+00:00,18628
376,2018-03-01T21:00:01+00:00,15693
377,2018-03-01T21:07:13+00:00,12480
378,2018-03-01T21:14:25+00:00,16088
379,2018-03-01T21:21:37+00:00,18377
380,2018-03-01T21:28:49+00:00,8690
381,2018-03-01T21:36:01+00:00,5319
382,2018-03-01T21:43:13+00:00,11743
383,2018-03-01T21:50:25+00:00,10630
384,2018-03-01T21:57:37+00:00,15039
385,2018-03-01T22:04:49+00:00,1338
386,2018-03-01T22:12:01+00:00,7401
387,2018-03-01T22:19:13+00:00,18509
388,2018-03-01T22:26:25+00:00,6036
389,2018-03-01T22:33:37+00:00,6151
390,2018-03-01T22:40:49+00:00,6795
391,2018-03-01T22:48:01+00:00,14668
392,2018-03-01T22:55:13+00:00,5118
393,2018-03-01T23:02:25+00:00,17171
394,2018-03-01T23:09:37+00:00,15356
395,2018-03-01T23:16:49+00:00,19890
396,2018-03-01T23:24:01+00:00,18898
397,2018-03-01T23:31:13+00:00,18435
398,2018-03-01T23:38:25+00:00,10322
399,2018-03-01T23:45:37+00:00,13814
400,2018-03-01T23:52:49+00:00,17222
401,2018-03-02T00:00:01+00:00,12182
402,2018-03-02T00:07:13+00:00,1554
403,2018-03-02T00:14:25+00:00,3487
404,2018-03-02T00:21:37+00:00,15953
405,2018-03-02T00:28:49+00:00,9094
406,2018-03-02T00:36:01+00:00,17486
407,2018-03-02T00:43:13+00:00,17752
408,2018-03-02T00:50:25+00:00,10580
409,2018-03-02T00:57:37+00:00,9488
410,2018-03-02T01:04:49+00:00,11997
411,2018-03-02T01:12:01+00:00,6453
412,2018-03-02T01:19:13+00:00,7858
413,2018-03-02T01:26:25+00:00,7281
414,2018-03-02T01:33:37+00:00,9684
415,2018-03-02T01:40:49+00:00,3958
416,2018-03-02T01:48:01+00:00,3102
417,2018-03-02T01:55:13+00:00,7693
418,2018-03-02T02:02:25+00:00,3978
419,2018-03-02T02:09:37+00:00,13721
420,2018-03-02T02:16:49+00:00,496
421,2018-03-02T02:24:01+00:00,14029
422,2018-03-02T02:31:13+00:00,1658
423,2018-03-02T02:38:25+00:00,5518
424,2018-03-02T02:45:37+00:00,4300
425,2018-03-02T02:52:49+00:00,2770
426,2018-03-02T03:00:01+00:00,4849
427,2018-03-02T03:07:13+00:00,10437
428,2018-03-02T03:14:25+00:00,4711
429,2018-03-02T03:21:37+00:00,2368
430,2018-03-02T03:28:49+00:00,7976
431,2018-03-02T03:36:01+00:00,1181
432,2018-03-02T03:43:13+00:00,3521
433,2018-03-02T03:50:25+00:00,11981
434,2018-03-02T03:57:37+00:00,17065
435,2018-03-02T04:04:49+00:00,13387
436,2018-03-02T04:12:01+00:00,6152
437,2018-03-02T04:19:13+00:00,18053
438,2018-03-02T04:26:25+00:00,16684
439,2018-03-02T04:33:37+00:00,5482
440,2018-03-02T04:40:49+00:00,14299
441,2018-03-02T04:48:01+00:00,1738
442,2018-03-02T04:55:13+00:00,3019
443,2018-03-02T05:02:25+00:00,12894
444,2018-03-02T05:09:37+00:00,17453
445,2018-03-02T05:16:49+00:00,1546
446,2018-03-02T05:24:01+00:00,18599
447,2018-03-02T05:31:13+00:00,12496
448,2018-03-02T05:38:25+00:00,12606
449,2018-03-02T05:45:37+00:00,16801
450,2018-03-02T05:52:49+00:00,8743
451,2018-03-02T06:00:01+00:00,19181
452,2018-03-02T06:07:13+00:00,11522
453,2018-03-02T06:14:25+00:00,9413
454,2018-03-02T06:21:37+00:00,14254
455,2018-03-02T06:28:49+00:00,3635
456,2018-03-02T06:36:01+00:00,16761
457,2018-03-02T06:43:13+00:00,12090
458,2018-03-02T06:50:25+00:00,13178
459,2018-03-02T06:57:37+00:00,17206
460,2018-03-02T07:04:49+00:00,14285
461,2018-03-02T07:12:01+00:00,12821
462,2018-03-02T07:19:13+00:00,4860
463,2018-03-02T07:26:25+00:00,12531
464,2018-03-02T07:33:37+00:00,8067
465,2018-03-02T07:40:49+00:00,6709
466,2018-03-02T07:48:01+00:00,19413
467,2018-03-02T07:55:13+00:00,13078
468,2018-03-02T08:02:25+00:00,9602
469,2018-03-02T08:09:37+00:00,8903
470,2018-03-02T08:16:49+00:00,12407
471,2018-03-02T08:24:01+00:00,7652
472,2018-03-02T08:31:13+00:00,17633
473,2018-03-02T08:38:25+00:00,10060
474,2018-03-02T08:45:37+00:00,3013
475,2018-03-02T08:52:49+00:00,1453
476,2018-03-02T09:00:01+00:00,10774
477,2018-03-02T09:07:13+00:00,12791
478,2018-03-02T09:14:25+00:00,1470
479,2018-03-02T09:21:37+00:00,7908
480,2018-03-02T09:28:49+00:00,14494
481,2018-03-02T09:36:01+00:00,18952
482,2018-03-02T09:43:13+00:00,15959
483,2018-03-02T09:50:25+00:00,3746
484,2018-03-02T09:57:37+00:00,8066
485,2018-03-02T10:04:49+00:00,7866
486,2018-03-02T10:12:01+00:00,3093
487,2018-03-02T10:19:13+00:00,2480
488,2018-03-02T10:26:25+00:00,9819
489,2018-03-02T10:33:37+00:00,12200
490,2018-03-02T10:40:49+00:00,5340
491,2018-03-02T10:48:01+00:00,2477
492,2018-03-02T10:55:13+00:00,2850
493,2018-03-02T11:02:25+00:00,16329
494,2018-03-02T11:09:37+00:00,5982
495,2018-03-02T11:16:49+00:00,610
496,2018-03-02T11:24:01+00:00,2983
497,2018-03-02T11:31:13+00:00,10977
498,2018-03-02T11:38:25+00:00,11734
499,2018-03-02T11:45:37+00:00,16081
500,2018-03-02T11:52:49+00:00,4029
501,2018-03-02T12:00:01+00:00,14798
502,2018-03-02T12:07:13+00:00,5907
503,2018-03-02T12:14:25+00:00,8720
504,2018-03-02T12:21:37+00:00,14476
505,2018-03-02T12:28:49+00:00,576
506,2018-03-02T12:36:01+00:00,13808
507,2018-03-02T12:43:13+00:00,5855
508,2018-03-02T12:50:25+00:00,4935
509,2018-03-02T12:57:37+00:00,11546
510,2018-03-02T13:04:49+00:00,2684
511,2018-03-02T13:12:01+00:00,
512,2018-03-02T13:19:13+00:00,17043
513,2018-03-02T13:26:25+00:00,15934
514,2018-03-02T13:33:37+00:00,10403
515,2018-03-02T13:40:49+00:00,19291
516,2018-03-02T13:48:01+00:00,16863
517,2018-03-02T13:55:13+00:00,10303
518,2018-03-02T14:02:25+00:00,5096
519,2018-03-02T14:09:37+00:00,12151
520,2018-03-02T14:16:49+00:00,19059
521,2018-03-02T14:24:01+00:00,14189
522,2018-03-02T14:31:13+00:00,14425
523,2018-03-02T14:38:25+00:00,1902
524,2018-03-02T14:45:37+00:00,9031
525,2018-03-02T14:52:49+00:00,3897
526,2018-03-02T15:00:01+00:00,17180
527,2018-03-02T15:07:13+00:00,12332
528,2018-03-02T15:14:25+00:00,14056
529,2018-03-02T15:21:37+00:00,4644
530,2018-03-02T15:28:49+00:00,16874
531,2018-03-02T15:36:01+00:00,18985
532,2018-03-02T15:43:13+00:00,11941
533,2018-03-02T15:50:25+00:00,3073
534,2018-03-02T15:57:37+00:00,4982
535,2018-03-02T16:04:49+00:00,4084
536,2018-03-02T16:12:01+00:00,628
537,2018-03-02T16:19:13+00:00,10577
538,2018-03-02T16:26:25+00:00,12505
539,2018-03-02T16:33:37+00:00,519
540,2018-03-02T16:40:49+00:00,6165
541,2018-03-02T16:48:01+00:00,2268
542,2018-03-02T16:55:13+00:00,10670
543,2018-03-02T17:02:25+00:00,819
544,2018-03-02T17:09:37+00:00,6360
545,2018-03-02T17:16:49+00:00,1504
546,2018-03-02T17:24:01+00:00,4875
547,2018-03-02T17:31:13+00:00,2180
548,2018-03-02T17:38:25+00:00,14293
549,2018-03-02T17:45:37+00:00,13484
550,2018-03-02T17:52:49+00:00,17902
551,2018-03-02T18:00:01+00:00,3825
552,2018-03-02T18:07:13+00:00,437
553,2018-03-02T18:14:25+00:00,12618
554,2018-03-02T18:21:37+00:00,15233
555,2018-03-02T18:28:49+00:00,8259
556,2018-03-02T18:36:01+00:00,16417
557,2018-03-02T18:43:13+00:00,5381
558,2018-03-02T18:50:25+00:00,10067
559,2018-03-02T18:57:37+00:00,3299
560,2018-03-02T19:04:49+00:00,18292
561,2018-03-02T19:12:01+00:00,4191
562,2018-03-02T19:19:13+00:00,16404
563,2018-03-02T19:26:25+00:00,7061
564,2018-03-02T19:33:37+00:00,3450
565,2018-03-02T19:40:49+00:00,18664
566,2018-03-02T19:48:01+00:00,16501
567,2018-03-02T19:55:13+00:00,9227
568,2018-03-02T20:02:25+00:00,18524
569,2018-03-02T20:09:37+00:00,17846
570,2018-03-02T20:16:49+00:00,19236
571,2018-03-02T20:24:01+00:00,8166
572,2018-03-02T20:31:13+00:00,19711
573,2018-03-02T20:38:25+00:00,4358
574,2018-03-02T20:45:37+00:00,19475
575,2018-03-02T20:52:49+00:00,9845
576,2018-03-02T21:00:01+00:00,3015
577,2018-03-02T21:07:13+00:00,2083
578,2018-03-02T21:14:25+00:00,14215
579,2018-03-02T21:21:37+00:00,9880
580,2018-03-02T21:28:49+00:00,19092
581,2018-03-02T21:36:01+00:00,14158
582,2018-03-02T21:43:13+00:00,5420
583,2018-03-02T21:50:25+00:00,18076
584,2018-03-02T21:57:37+00:00,13354
585,2018-03-02T22:04:49+00:00,3905
586,2018-03-02T22:12:01+00:00,14771
587,2018-03-02T22:19:13+00:00,7914
588,2018-03-02T22:26:25+00:00,1570
589,2018-03-02T22:33:37+00:00,709
590,2018-03-02T22:40:49+00:00,9073
591,2018-03-02T22:48:01+00:00,8973
592,2018-03-02T22:55:13+00:00,16605
593,2018-03-02T23:02:25+00:00,1899
594,2018-03-02T23:09:37+00:00,13481
595,2018-03-02T23:16:49+00:00,5183
596,2018-03-02T23:24:01+00:00,12047
597,2018-03-02T23:31:13+00:00,1670
598,2018-03-02T23:38:25+00:00,10358
599,2018-03-02T23:45:37+00:00,2454
600,2018-03-02T23:52:49+00:00,3516
601,2018-03-03T00:00:01+00:00,12398
602,2018-03-03T00:07:13+00:00,3665
603,2018-03-03T00:14:25+00:00,16922
604,2018-03-03T00:21:37+00:00,859
605,2018-03-03T00:28:49+00:00,2931
606,2018-03-03T00:36:01+00:00,10187
607,2018-03-03T00:43:13+00:00,4068
608,2018-03-03T00:50:25+00:00,5846
609,2018-03-03T00:57:37+00:00,14545
610,2018-03-03T01:04:49+00:00,5137
611,2018-03-03T01:12:01+00:00,5359
612,2018-03-03T01:19:13+00:00,13863
613,2018-03-03T01:26:25+00:00,18557
614,2018-03-03T01:33:37+00:00,7660
615,2018-03-03T01:40:49+00:00,7971
616,2018-03-03T01:48:01+00:00,11977
617,2018-03-03T01:55:13+00:00,10463
618,2018-03-03T02:02:25+00:00,15956
619,2018-03-03T02:09:37+00:00,2207
620,2018-03-03T02:16:49+00:00,16926
621,2018-03-03T02:24:01+00:00,1395
622,2018-03-03T02:31:13+00:00,12535
623,2018-03-03T02:38:25+00:00,8039
624,2018-03-03T02:45:37+00:00,15957
625,2018-03-03T02:52:49+00:00,6923
626,2018-03-03T03:00:01+00:00,807
627,2018-03-03T03:07:13+00:00,11027
628,2018-03-03T03:14:25+00:00,4221
629,2018-03-03T03:21:37+00:00,125
630,2018-03-03T03:28:49+00:00,4237
631,2018-03-03T03:36:01+00:00,11667
632,2018-03-03T03:43:13+00:00,10737
633,2018-03-03T03:50:25+00:00,5923
634,2018-03-03T03:57:37+00:00,12480
635,2018-03-03T04:04:49+00:00,9774
636,2018-03-03T04:12:01+00:00,8419
637,2018-03-03T04:19:13+00:00,16279
638,2018-03-03T04:26:25+00:00,19320
639,2018-03-03T04:33:37+00:00,85
640,2018-03-03T04:40:49+00:00,11403
641,2018-03-03T04:48:01+00:00,5050
642,2018-03-03T04:55:13+00:00,7926
643,2018-03-03T05:02:25+00:00,12322
644,2018-03-03T05:09:37+00:00,10614
645,2018-03-03T05:16:49+00:00,14677
646,2018-03-03T05:24:01+00:00,15472
647,2018-03-03T05:31:13+00:00,2963
648,2018-03-03T05:38:25+00:00,3957
649,2018-03-03T05:45:37+00:00,2589
650,2018-03-03T05:52:49+00:00,2871
651,2018-03-03T06:00:01+00:00,15008
652,2018-03-03T06:07:13+00:00,14295
653,2018-03-03T06:14:25+00:00,293
654,2018-03-03T06:21:37+00:00,16591
655,2018-03-03T06:28:49+00:00,18124
656,2018-03-03T06:36:01+00:00,3297
657,2018-03-03T06:43:13+00:00,13956
658,2018-03-03T06:50:25+00:00,16155
659,2018-03-03T06:57:37+00:00,6919
660,2018-03-03T07:04:49+00:00,1866
661,2018-03-03T07:12:01+00:00,5786
662,2018-03-03T07:19:13+00:00,18348
663,2018-03-03T07:26:25+00:00,16102
664,2018-03-03T07:33:37+00:00,3583
665,2018-03-03T07:40:49+00:00,13895
666,2018-03-03T07:48:01+00:00,15757
667,2018-03-03T07:55:13+00:00,8908
668,2018-03-03T08:02:25+00:00,3173
669,2018-03-03T08:09:37+00:00,19337
670,2018-03-03T08:16:49+00:00,13862
671,2018-03-03T08:24:01+00:00,17794
672,2018-03-03T08:31:13+00:00,1129
673,2018-03-03T08:38:25+00:00,14713
674,2018-03-03T08:45:37+00:00,15605
675,2018-03-03T08:52:49+00:00,11936
676,2018-03-03T09:00:01+00:00,84
677,2018-03-03T09:07:13+00:00,10180
678,2018-03-03T09:14:25+00:00,6361
679,2018-03-03T09:21:37+00:00,11066
680,2018-03-03T09:28:49+00:00,13968
681,2018-03-03T09:36:01+00:00,3825
682,2018-03-03T09:43:13+00:00,602
683,2018-03-03T09:50:25+00:00,18989
684,2018-03-03T09:57:37+00:00,12209
685,2018-03-03T10:04:49+00:00,6016
686,2018-03-03T10:12:01+00:00,3827
687,2018-03-03T10:19:13+00:00,8267
688,2018-03-03T10:26:25+00:00,10774
689,2018-03-03T10:33:37+00:00,5626
690,2018-03-03T10:40:49+00:00,6148
691,2018-03-03T10:48:01+00:00,4472
692,2018-03-03T10:55:13+00:00,3186
693,2018-03-03T11:02:25+00:00,15502
694,2018-03-03T11:09:37+00:00,6378
695,2018-03-03T11:16:49+00:00,9588
696,2018-03-03T11:24:01+00:00,16463
697,2018-03-03T11:31:13+00:00,3045
698,2018-03-03T11:38:25+00:00,7140
699,2018-03-03T11:45:37+00:00,14420
700,2018-03-03T11:52:49+00:00,10048
701,2018-03-03T12:00:01+00:00,9616
702,2018-03-03T12:07:13+00:00,5393
703,2018-03-03T12:14:25+00:00,9553
704,2018-03-03T12:21:37+00:00,1333
705,2018-03-03T12:28:49+00:00,19567
706,2018-03-03T12:36:01+00:00,15620
707,2018-03-03T12:43:13+00:00,12221
708,2018-03-03T12:50:25+00:00,6620
709,2018-03-03T12:57:37+00:00,6757
710,2018-03-03T13:04:49+00:00,5564
711,2018-03-03T13:12:01+00:00,5344
712,2018-03-03T13:19:13+00:00,10389
713,2018-03-03T13:26:25+00:00,18416
714,2018-03-03T13:33:37+00:00,1535
715,2018-03-03T13:40:49+00:00,8955
716,2018-03-03T13:48:01+00:00,4120
717,2018-03-03T13:55:13+00:00,19913
718,2018-03-03T14:02:25+00:00,18599
719,2018-03-03T14:09:37+00:00,928
720,2018-03-03T14:16:49+00:00,4670
721,2018-03-03T14:24:01+00:00,19492
722,2018-03-03T14:31:13+00:00,4374
723,2018-03-03T14:38:25+00:00,17216
724,2018-03-03T14:45:37+00:00,4787
725,2018-03-03T14:52:49+00:00,16956
726,2018-03-03T15:00:01+00:00,4593
727,2018-03-03T15:07:13+00:00,258
728,2018-03-03T15:14:25+00:00,6538
729,2018-03-03T15:21:37+00:00,9220
730,2018-03-03T15:28:49+00:00,17616
731,2018-03-03T15:36:01+00:00,6594
732,2018-03-03T15:43:13+00:00,6169
733,2018-03-03T15:50:25+00:00,19185
734,2018-03-03T15:57:37+00:00,19166
735,2018-03-03T16:04:49+00:00,17105
736,2018-03-03T16:12:01+00:00,1362
737,2018-03-03T16:19:13+00:00,13396
738,2018-03-03T16:26:25+00:00,2551
739,2018-03-03T16:33:37+00:00,17515
740,2018-03-03T16:40:49+00:00,18412
741,2018-03-03T16:48:01+00:00,2490
742,2018-03-03T16:55:13+00:00,14406
743,2018-03-03T17:02:25+00:00,3267
744,2018-03-03T17:09:37+00:00,2607
745,2018-03-03T17:16:49+00:00,17608
746,2018-03-03T17:24:01+00:00,18661
747,2018-03-03T17:31:13+00:00,7508
748,2018-03-03T17:38:25+00:00,1070
749,2018-03-03T17:45:37+00:00,19645
750,2018-03-03T17:52:49+00:00,2502
751,2018-03-03T18:00:01+00:00,2089
752,2018-03-03T18:07:13+00:00,19649
753,2018-03-03T18:14:25+00:00,15811
754,2018-03-03T18:21:37+00:00,798
755,2018-03-03T18:28:49+00:00,4252
756,2018-03-03T18:36:01+00:00,19821
757,2018-03-03T18:43:13+00:00,8162
758,2018-03-03T18:50:25+00:00,15416
759,2018-03-03T18:57:37+00:00,7003
760,2018-03-03T19:04:49+00:00,9409
761,2018-03-03T19:12:01+00:00,15952
762,2018-03-03T19:19:13+00:00,5638
763,2018-03-03T19:26:25+00:00,336
764,2018-03-03T19:33:37+00:00,9309
765,2018-03-03T19:40:49+00:00,9897
766,2018-03-03T19:48:01+00:00,15563
767,2018-03-03T19:55:13+00:00,12148
768,2018-03-03T20:02:25+00:00,11563
769,2018-03-03T20:09:37+00:00,2567
770,2018-03-03T20:16:49+00:00,18540
771,2018-03-03T20:24:01+00:00,18860
772,2018-03-03T20:31:13+00:00,18449
773,2018-03-03T20:38:25+00:00,16518
774,2018-03-03T20:45:37+00:00,10941
775,2018-03-03T20:52:49+00:00,3701
776,2018-03-03T21:00:01+00:00,14681
777,2018-03-03T21:07:13+00:00,9556
778,2018-03-03T21:14:25+00:00,18935
779,2018-03-03T21:21:37+00:00,8599
780,2018-03-03T21:28:49+00:00,13615
781,2018-03-03T21:36:01+00:00,159
782,2018-03-03T21:43:13+00:00,3839
783,2018-03-03T21:50:25+00:00,10034
784,2018-03-03T21:57:37+00:00,17458
785,2018-03-03T22:04:49+00:00,18962
786,2018-03-03T22:12:01+00:00,18496
787,2018-03-03T22:19:13+00:00,6206
788,2018-03-03T22:26:25+00:00,9617
789,2018-03-03T22:33:37+00:00,3336
790,2018-03-03T22:40:49+00:00,7185
791,2018-03-03T22:48:01+00:00,8718
792,2018-03-03T22:55:13+00:00,19316
793,2018-03-03T23:02:25+00:00,12384
794,2018-03-03T23:09:37+00:00,18386
795,2018-03-03T23:16:49+00:00,15372
796,2018-03-03T23:24:01+00:00,12252
797,2018-03-03T23:31:13+00:00,3391
798,2018-03-03T23:38:25+00:00,284
799,2018-03-03T23:45:37+00:00,13615
800,2018-03-03T23:52:49+00:00,15284
801,2018-03-04T00:00:01+00:00,13373
802,2018-03-04T00:07:13+00:00,12622
803,2018-03-04T00:14:25+00:00,4703
804,2018-03-04T00:21:37+00:00,14496
805,2018-03-04T00:28:49+00:00,16245
806,2018-03-04T00:36:01+00:00,12037
807,2018-03-04T00:43:13+00:00,481
808,2018-03-04T00:50:25+00:00,6901
809,2018-03-04T00:57:37+00:00,11581
810,2018-03-04T01:04:49+00:00,15856
811,2018-03-04T01:12:01+00:00,2708
812,2018-03-04T01:19:13+00:00,15756
813,2018-03-04T01:26:25+00:00,18327
814,2018-03-04T01:33:37+00:00,16828
815,2018-03-04T01:40:49+00:00,238
816,2018-03-04T01:48:01+00:00,17407
817,2018-03-04T01:55:13+00:00,14529
818,2018-03-04T02:02:25+00:00,3744
819,2018-03-04T02:09:37+00:00,11381
820,2018-03-04T02:16:49+00:00,16860
821,2018-03-04T02:24:01+00:00,4405
822,2018-03-04T02:31:13+00:00,10874
823,2018-03-04T02:38:25+00:00,16554
824,2018-03-04T02:45:37+00:00,12023
825,2018-03-04T02:52:49+00:00,14142
826,2018-03-04T03:00:01+00:00,18827
827,2018-03-04T03:07:13+00:00,19303
828,2018-03-04T03:14:25+00:00,9767
829,2018-03-04T03:21:37+00:00,14387
830,2018-03-04T03:28:49+00:00,5034
831,2018-03-04T03:36:01+00:00,6085
832,2018-03-04T03:43:13+00:00,10154
833,2018-03-04T03:50:25+00:00,10446
834,2018-03-04T03:57:37+00:00,19939
835,2018-03-04T04:04:49+00:00,3697
836,2018-03-04T04:12:01+00:00,10134
837,2018-03-04T04:19:13+00:00,12807
838,2018-03-04T04:26:25+00:00,15366
839,2018-03-04T04:33:37+00:00,6193
840,2018-03-04T04:40:49+00:00,16774
841,2018-03-04T04:48:01+00:00,8699
842,2018-03-04T04:55:13+00:00,4250
843,2018-03-04T05:02:25+00:00,7722
844,2018-03-04T05:09:37+00:00,19583
845,2018-03-04T05:16:49+00:00,4313
846,2018-03-04T05:24:01+00:00,12968
847,2018-03-04T05:31:13+00:00,7093
848,2018-03-04T05:38:25+00:00,11315
849,2018-03-04T05:45:37+00:00,15164
850,2018-03-04T05:52:49+00:00,19672
851,2018-03-04T06:00:01+00:00,11816
852,2018-03-04T06:07:13+00:00,18529
853,2018-03-04T06:14:25+00:00,3693
854,2018-03-04T06:21:37+00:00,11765
855,2018-03-04T06:28:49+00:00,15009
856,2018-03-04T06:36:01+00:00,6626
857,2018-03-04T06:43:13+00:00,5379
858,2018-03-04T06:50:25+00:00,14505
859,2018-03-04T06:57:37+00:00,14936
860,2018-03-04T07:04:49+00:00,12363
861,2018-03-04T07:12:01+00:00,6279
862,2018-03-04T07:19:13+00:00,11635
863,2018-03-04T07:26:25+00:00,276
864,2018-03-04T07:33:37+00:00,1365
865,2018-03-04T07:40:49+00:00,18267
866,2018-03-04T07:48:01+00:00,8238
867,2018-03-04T07:55:13+00:00,8786
868,2018-03-04T08:02:25+00:00,5793
869,2018-03-04T08:09:37+00:00,16903
870,2018-03-04T08:16:49+00:00,15558
871,2018-03-04T08:24:01+00:00,19773
872,2018-03-04T08:31:13+00:00,5889
873,2018-03-04T08:38:25+00:00,19776
874,2018-03-04T08:45:37+00:00,2923
875,2018-03-04T08:52:49+00:00,14151
876,2018-03-04T09:00:01+00:00,4570
877,2018-03-04T09:07:13+00:00,19885
878,2018-03-04T09:14:25+00:00,10513
879,2018-03-04T09:21:37+00:00,9958
880,2018-03-04T09:28:49+00:00,11870
881,2018-03-04T09:36:01+00:00,18417
882,2018-03-04T09:43:13+00:00,12030
883,2018-03-04T09:50:25+00:00,410
884,2018-03-04T09:57:37+00:00,11445
885,2018-03-04T10:04:49+00:00,15888
886,2018-03-04T10:12:01+00:00,18022
887,2018-03-04T10:19:13+00:00,13534
888,2018-03-04T10:26:25+00:00,6493
889,2018-03-04T10:33:37+00:00,15737
890,2018-03-04T10:40:49+00:00,18014
891,2018-03-04T10:48:01+00:00,12003
892,2018-03-04T10:55:13+00:00,17889
893,2018-03-04T11:02:25+00:00,19345
894,2018-03-04T11:09:37+00:00,19501
895,2018-03-04T11:16:49+00:00,7613
896,2018-03-04T11:24:01+00:00,13734
897,2018-03-04T11:31:13+00:00,4388
898,2018-03-04T11:38:25+00:00,17390
899,2018-03-04T11:45:37+00:00,17675
900,2018-03-04T11:52:49+00:00,8366
901,2018-03-04T12:00:01+00:00,3353
902,2018-03-04T12:07:13+00:00,2360
903,2018-03-04T12:14:25+00:00,4754
904,2018-03-04T12:21:37+00:00,4340
905,2018-03-04T12:28:49+00:00,13541
906,2018-03-04T12:36:01+00:00,19330
907,2018-03-04T12:43:13+00:00,9286
908,2018-03-04T12:50:25+00:00,7961
909,2018-03-04T12:57:37+00:00,18471
910,2018-03-04T13:04:49+00:00,15269
911,2018-03-04T13:12:01+00:00,7280
912,2018-03-04T13:19:13+00:00,14451
913,2018-03-04T13:26:25+00:00,18780
914,2018-03-04T13:33:37+00:00,13612
915,2018-03-04T13:40:49+00:00,1940
916,2018-03-04T13:48:01+00:00,17642
917,2018-03-04T13:55:13+00:00,11360
918,2018-03-04T14:02:25+00:00,11422
919,2018-03-04T14:09:37+00:00,9892
920,2018-03-04T14:16:49+00:00,1997
921,2018-03-04T14:24:01+00:00,7673
922,2018-03-04T14:31:13+00:00,2436
923,2018-03-04T14:38:25+00:00,15384
924,2018-03-04T14:45:37+00:00,11062
925,2018-03-04T14:52:49+00:00,10565
926,2018-03-04T15:00:01+00:00,14338
927,2018-03-04T15:07:13+00:00,11695
928,2018-03-04T15:14:25+00:00,13030
929,2018-03-04T15:21:37+00:00,5098
930,2018-03-04T15:28:49+00:00,4956
931,2018-03-04T15:36:01+00:00,11947
932,2018-03-04T15:43:13+00:00,3704
933,2018-03-04T15:50:25+00:00,1783
934,2018-03-04T15:57:37+00:00,1501
935,2018-03-04T16:04:49+00:00,9842
936,2018-03-04T16:12:01+00:00,18579
937,2018-03-04T16:19:13+00:00,8398
938,2018-03-04T16:26:25+00:00,8914
939,2018-03-04T16:33:37+00:00,16045
940,2018-03-04T16:40:49+00:00,9900
941,2018-03-04T16:48:01+00:00,2865
942,2018-03-04T16:55:13+00:00,16491
943,2018-03-04T17:02:25+00:00,9738
944,2018-03-04T17:09:37+00:00,10015
945,2018-03-04T17:16:49+00:00,4658
946,2018-03-04T17:24:01+00:00,775
947,2018-03-04T17:31:13+00:00,7230
948,2018-03-04T17:38:25+00:00,197
949,2018-03-04T17:45:37+00:00,13919
950,2018-03-04T17:52:49+00:00,1488
951,2018-03-04T18:00:01+00:00,14307
952,2018-03-04T18:07:13+00:00,15968
953,2018-03-04T18:14:25+00:00,3020
954,2018-03-04T18:21:37+00:00,7945
955,2018-03-04T18:28:49+00:00,13746
956,2018-03-04T18:36:01+00:00,4328
957,2018-03-04T18:43:13+00:00,10757
958,2018-03-04T18:50:25+00:00,9300
959,2018-03-04T18:57:37+00:00,18987
960,2018-03-04T19:04:49+00:00,9115
961,2018-03-04T19:12:01+00:00,15156
962,2018-03-04T19:19:13+00:00,11987
963,2018-03-04T19:26:25+00:00,6156
964,2018-03-04T19:33:37+00:00,9781
965,2018-03-04T19:40:49+00:00,11821
966,2018-03-04T19:48:01+00:00,12629
967,2018-03-04T19:55:13+00:00,9259
968,2018-03-04T20:02:25+00:00,12283
969,2018-03-04T20:09:37+00:00,13162
970,2018-03-04T20:16:49+00:00,741
971,2018-03-04T20:24:01+00:00,5375
972,2018-03-04T20:31:13+00:00,12620
973,2018-03-04T20:38:25+00:00,4182
974,2018-03-04T20:45:37+00:00,11258
975,2018-03-04T20:52:49+00:00,967
976,2018-03-04T21:00:01+00:00,1777
977,2018-03-04T21:07:13+00:00,14663
978,2018-03-04T21:14:25+00:00,9086
979,2018-03-04T21:21:37+00:00,9042
980,2018-03-04T21:28:49+00:00,1454
981,2018-03-04T21:36:01+00:00,18322
982,2018-03-04T21:43:13+00:00,503
983,2018-03-04T21:50:25+00:00,16664
984,2018-03-04T21:57:37+00:00,1835
985,2018-03-04T22:04:49+00:00,7156
986,2018-03-04T22:12:01+00:00,7731
987,2018-03-04T22:19:13+00:00,7384
988,2018-03-04T22:26:25+00:00,4212
989,2018-03-04T22:33:37+00:00,6093
990,2018-03-04T22:40:49+00:00,5303
991,2018-03-04T22:48:01+00:00,14837
992,2018-03-04T22:55:13+00:00,17731
993,2018-03-04T23:02:25+00:00,12986
994,2018-03-04T23:09:37+00:00,3681
995,,10633
996,2018-03-04T23:24:01+00:00,7126
997,2018-03-04T23:31:13+00:00,1
998,2018-03-04T23:38:25+00:00,19715
999,2018-03-04T23:45:37+00:00,14233
1000,2018-03-04T23:52:49+00:00,9623
